store_key,year,month,total_sales
0,2016,Jan,55285.16
0,2016,Feb,71317.24
0,2016,Mar,17673.61
0,2016,Apr,15898.22
0,2016,May,45051.85
0,2016,Jun,69240.51
0,2016,Jul,82288.33
0,2016,Aug,69041.00
0,2016,Sep,49275.09
0,2016,Oct,91372.46
0,2016,Nov,79201.81
0,2016,Dec,158998.43
0,2017,Jan,77723.93
0,2017,Feb,102433.65
0,2017,Mar,45206.18
0,2017,Apr,2550.89
0,2017,May,83000.13
0,2017,Jun,69450.75
0,2017,Jul,70094.71
0,2017,Aug,75294.09
0,2017,Sep,78215.97
0,2017,Oct,131588.69
0,2017,Nov,113877.74
0,2017,Dec,211678.19
0,2018,Jan,132891.08
0,2018,Feb,181085.36
0,2018,Mar,53802.04
0,2018,Apr,8853.62
0,2018,May,143186.31
0,2018,Jun,159782.06
0,2018,Jul,139875.48
0,2018,Aug,150032.77
0,2018,Sep,206137.27
0,2018,Oct,219809.46
0,2018,Nov,197918.02
0,2018,Dec,414324.39
0,2019,Jan,310806.42
0,2019,Feb,373770.62
0,2019,Mar,117339.39
0,2019,Apr,29838.37
0,2019,May,295945.70
0,2019,Jun,270760.10
0,2019,Jul,248020.50
0,2019,Aug,266530.07
0,2019,Sep,275688.46
0,2019,Oct,274170.61
0,2019,Nov,331758.85
0,2019,Dec,411951.96
0,2020,Jan,347924.99
0,2020,Feb,348763.99
0,2020,Mar,156908.04
0,2020,Apr,46204.33
0,2020,May,168625.05
0,2020,Jun,113283.30
0,2020,Jul,88730.87
0,2020,Aug,53362.33
0,2020,Sep,81092.59
0,2020,Oct,62049.86
0,2020,Nov,42648.51
0,2020,Dec,126156.18
0,2021,Jan,109255.43
0,2021,Feb,116088.30
1,2016,Jun,1837.50
1,2016,Aug,1342.40
1,2016,Sep,4587.68
1,2016,Dec,7083.85
1,2017,Feb,658.00
1,2017,May,233.17
1,2017,Jul,4658.02
1,2017,Aug,561.23
1,2017,Sep,1183.68
1,2017,Oct,2305.28
1,2017,Nov,3010.60
1,2017,Dec,5290.29
1,2018,Jan,2206.79
1,2018,Feb,762.96
1,2018,May,494.95
1,2018,Jun,1400.29
1,2018,Aug,676.90
1,2018,Sep,3103.90
1,2018,Nov,6607.29
1,2018,Dec,22491.33
1,2019,Jan,4065.57
1,2019,Feb,2052.26
1,2019,Mar,4162.99
1,2019,Apr,1787.90
1,2019,May,899.44
1,2019,Jun,1767.74
1,2019,Jul,8007.42
1,2019,Aug,2036.71
1,2019,Sep,12022.57
1,2019,Oct,5766.62
1,2019,Nov,9073.62
1,2019,Dec,2210.39
1,2020,Jan,16879.91
1,2020,Feb,6958.39
1,2020,Mar,1719.97
1,2020,Jun,4260.74
1,2020,Jul,826.96
1,2020,Aug,4908.92
1,2020,Oct,3375.76
1,2020,Nov,1500.39
1,2020,Dec,4728.82
1,2021,Feb,4634.93
2,2016,Jan,3846.85
2,2016,Mar,3173.63
2,2016,Apr,2359.53
4,2016,Jan,440.90
4,2016,Feb,13458.64
4,2016,Apr,3004.89
4,2016,May,6085.90
4,2016,Jun,1582.00
4,2016,Sep,1882.56
4,2016,Oct,917.34
4,2016,Nov,1373.84
4,2016,Dec,2896.74
4,2017,Jan,579.98
4,2017,Feb,3565.94
4,2017,May,15151.48
4,2017,Jun,289.99
4,2017,Jul,3384.97
4,2017,Aug,2437.32
4,2017,Sep,770.42
4,2017,Oct,6181.06
4,2017,Nov,3891.72
4,2017,Dec,1600.00
4,2018,Jan,3615.61
4,2018,Feb,5492.61
4,2018,Mar,866.97
4,2018,May,11433.61
4,2018,Jun,4523.52
4,2018,Jul,8089.46
4,2018,Aug,11056.11
4,2018,Sep,14997.27
4,2018,Oct,9643.27
4,2018,Nov,9839.38
4,2018,Dec,13432.39
4,2019,Jan,6167.26
4,2019,Feb,11564.13
4,2019,Mar,7939.75
4,2019,May,7225.76
4,2019,Jun,3946.92
4,2019,Jul,11775.30
4,2019,Aug,6304.43
4,2019,Sep,11887.36
4,2019,Oct,4704.79
4,2019,Nov,10470.85
4,2019,Dec,3317.83
4,2020,Jan,4919.86
4,2020,Feb,6138.49
4,2020,Mar,328.95
4,2020,May,5522.19
4,2020,Jun,5779.61
4,2020,Oct,699.98
4,2020,Nov,1058.94
4,2021,Jan,758.00
4,2021,Feb,1026.88
5,2016,Jan,12047.69
5,2016,Feb,13347.89
5,2016,Apr,1290.00
5,2016,May,3663.79
5,2016,Jun,527.98
5,2016,Aug,2949.64
5,2016,Sep,16226.36
5,2016,Oct,3243.44
5,2016,Nov,1368.37
5,2016,Dec,6783.58
5,2017,Jan,2594.66
5,2017,Feb,22645.64
5,2017,Mar,6303.95
5,2017,Apr,660.00
5,2017,May,4903.13
5,2017,Jun,218.97
5,2017,Jul,2185.20
5,2017,Aug,11592.13
5,2017,Sep,1932.94
5,2017,Oct,3134.63
5,2017,Nov,10561.24
5,2017,Dec,3002.67
5,2018,Jan,4767.00
5,2018,Feb,14581.87
5,2018,Mar,1124.91
5,2018,Apr,1240.96
5,2018,May,18199.22
5,2018,Jun,11434.18
5,2018,Jul,8639.50
5,2018,Aug,13895.97
5,2018,Sep,15431.72
5,2018,Oct,13369.84
5,2018,Nov,6114.73
5,2018,Dec,45925.31
5,2019,Jan,20109.63
5,2019,Feb,23332.36
5,2019,Mar,16017.80
5,2019,Apr,13005.00
5,2019,May,4041.22
5,2019,Jun,14265.85
5,2019,Jul,18226.24
5,2019,Aug,27665.29
5,2019,Sep,26687.04
5,2019,Oct,9939.85
5,2019,Nov,14610.08
5,2019,Dec,17427.17
5,2020,Jan,13781.45
5,2020,Feb,40468.91
5,2020,Mar,2820.92
5,2020,Apr,3472.99
5,2020,May,5084.01
5,2020,Jun,119.80
5,2020,Jul,5714.71
5,2020,Aug,15736.59
5,2020,Oct,2450.97
5,2020,Dec,5762.50
5,2021,Jan,7465.70
5,2021,Feb,6754.78
6,2016,Jan,7071.21
6,2016,Feb,7991.99
6,2016,Mar,4863.83
6,2016,Apr,526.97
6,2016,May,5675.74
6,2016,Jun,6363.81
6,2016,Jul,3478.97
6,2016,Aug,2708.88
6,2016,Sep,1272.00
6,2016,Oct,3529.96
6,2016,Nov,6122.55
6,2016,Dec,13877.45
6,2017,Jan,14075.67
6,2017,Feb,8317.58
6,2017,Mar,412.93
6,2017,May,1324.65
6,2017,Jun,10770.24
6,2017,Jul,6460.89
6,2017,Sep,12652.62
6,2017,Oct,13176.95
6,2017,Nov,985.00
6,2017,Dec,8209.57
6,2018,Jan,5571.86
6,2018,Feb,12099.20
6,2018,Mar,1294.89
6,2018,May,6403.57
6,2018,Jun,3268.95
6,2018,Jul,759.00
6,2018,Aug,13717.40
6,2018,Sep,11015.30
6,2018,Oct,4645.66
6,2018,Nov,5021.46
6,2018,Dec,19808.42
6,2019,Jan,4926.81
6,2019,Feb,10225.47
6,2019,Mar,12118.27
6,2019,Apr,349.39
6,2019,May,12653.18
6,2019,Jun,11344.37
6,2019,Jul,11693.56
6,2019,Aug,6497.44
6,2019,Sep,4568.32
6,2019,Oct,2267.70
6,2019,Nov,36040.71
6,2019,Dec,29025.58
6,2020,Jan,12389.40
6,2020,Feb,20506.68
6,2020,Apr,6758.35
6,2020,May,2566.78
6,2020,Jun,10376.59
6,2020,Jul,2580.00
6,2020,Aug,2572.33
6,2020,Sep,3522.94
6,2020,Nov,1401.68
6,2020,Dec,5102.68
6,2021,Jan,1496.83
6,2021,Feb,109.00
8,2016,Jan,22321.44
8,2016,Feb,15896.13
8,2016,Mar,12299.91
8,2016,Apr,1863.18
8,2016,May,7028.05
8,2016,Jun,3553.46
8,2016,Jul,11109.25
8,2016,Aug,3750.72
8,2016,Sep,12385.80
8,2016,Oct,18016.81
8,2016,Nov,7168.68
8,2016,Dec,2893.99
8,2017,Jan,8610.22
8,2017,Feb,12070.85
8,2017,Mar,13010.89
8,2017,Apr,3031.74
8,2017,May,15785.36
8,2017,Jun,15703.31
8,2017,Jul,8872.99
8,2017,Aug,22491.99
8,2017,Sep,6543.31
8,2017,Oct,4140.15
8,2017,Nov,11338.70
8,2017,Dec,20419.39
8,2018,Jan,37630.24
8,2018,Feb,18255.31
8,2018,Mar,16980.02
8,2018,Apr,2082.82
8,2018,May,21385.08
8,2018,Jun,13300.45
8,2018,Jul,18568.66
8,2018,Aug,10578.11
8,2018,Sep,16734.40
8,2018,Oct,21985.97
8,2018,Nov,33244.80
8,2018,Dec,36348.11
8,2019,Jan,22675.27
8,2019,Feb,47803.02
8,2019,Mar,10385.69
8,2019,Apr,5092.91
8,2019,May,14092.93
8,2019,Jun,11884.22
8,2019,Jul,34758.52
8,2019,Aug,37216.36
8,2019,Sep,23250.47
8,2019,Oct,14250.97
8,2019,Nov,18375.71
8,2019,Dec,38561.31
8,2020,Jan,19211.36
8,2020,Feb,23061.54
8,2020,Mar,15625.45
8,2020,Apr,16600.92
8,2020,May,6961.61
8,2020,Jun,4873.23
8,2020,Jul,11547.76
8,2020,Aug,9037.67
8,2020,Sep,8185.98
8,2020,Oct,6778.41
8,2020,Nov,6431.88
8,2020,Dec,17236.88
8,2021,Jan,18822.32
8,2021,Feb,9929.14
9,2016,Jan,11075.91
9,2016,Feb,12674.54
9,2016,Mar,11678.67
9,2016,Apr,9570.19
9,2016,May,3191.01
9,2016,Jun,15264.49
9,2016,Jul,3209.89
9,2016,Aug,6864.00
9,2016,Sep,41541.96
9,2016,Oct,19775.99
9,2016,Nov,15126.10
9,2016,Dec,8612.14
9,2017,Jan,3915.42
9,2017,Feb,12770.31
9,2017,Mar,3380.60
9,2017,May,13114.18
9,2017,Jun,6899.47
9,2017,Jul,17937.32
9,2017,Aug,15521.96
9,2017,Sep,10663.87
9,2017,Oct,16726.38
9,2017,Nov,15454.05
9,2017,Dec,34935.98
9,2018,Jan,12308.23
9,2018,Feb,25753.24
9,2018,Mar,12811.69
9,2018,May,14493.70
9,2018,Jun,12275.30
9,2018,Jul,17149.70
9,2018,Aug,11012.21
9,2018,Sep,26999.88
9,2018,Oct,16199.51
9,2018,Nov,43690.24
9,2018,Dec,30195.89
9,2019,Jan,36455.08
9,2019,Feb,38100.74
9,2019,Mar,21565.81
9,2019,May,18048.64
9,2019,Jun,42144.68
9,2019,Jul,19516.84
9,2019,Aug,15907.23
9,2019,Sep,46487.19
9,2019,Oct,26973.73
9,2019,Nov,25325.65
9,2019,Dec,47874.33
9,2020,Jan,33795.47
9,2020,Feb,43598.58
9,2020,Mar,10684.99
9,2020,Apr,10548.87
9,2020,May,19465.67
9,2020,Jun,8363.42
9,2020,Jul,1726.27
9,2020,Aug,4725.89
9,2020,Oct,1178.90
9,2020,Nov,7092.54
9,2020,Dec,23365.88
9,2021,Jan,15342.34
9,2021,Feb,12157.50
10,2016,Jan,6571.03
10,2016,Feb,12756.75
10,2016,Mar,3372.77
10,2016,May,1716.93
10,2016,Jun,14650.41
10,2016,Jul,1437.00
10,2016,Aug,4497.47
10,2016,Sep,7502.89
10,2016,Oct,3831.13
10,2016,Nov,14891.76
10,2016,Dec,14435.40
10,2017,Jan,13766.07
10,2017,Feb,7410.53
10,2017,Mar,4498.31
10,2017,May,5467.46
10,2017,Jun,20353.83
10,2017,Jul,10782.77
10,2017,Aug,8307.10
10,2017,Sep,7835.29
10,2017,Oct,1806.76
10,2017,Nov,3981.25
10,2017,Dec,11044.79
10,2018,Jan,20862.01
10,2018,Feb,5219.27
10,2018,Mar,8518.23
10,2018,Apr,1997.82
10,2018,May,34382.52
10,2018,Jun,21955.77
10,2018,Jul,1193.67
10,2018,Aug,22852.70
10,2018,Sep,5537.44
10,2018,Oct,6475.60
10,2018,Nov,24632.49
10,2018,Dec,30699.25
10,2019,Jan,30494.88
10,2019,Feb,38804.86
10,2019,Mar,4764.35
10,2019,May,11093.49
10,2019,Jun,28474.73
10,2019,Jul,27175.23
10,2019,Aug,37998.86
10,2019,Sep,18922.35
10,2019,Oct,19254.29
10,2019,Nov,9359.65
10,2019,Dec,57650.12
10,2020,Jan,23666.40
10,2020,Feb,60181.99
10,2020,Mar,17279.08
10,2020,May,23667.01
10,2020,Jun,9484.73
10,2020,Jul,4935.83
10,2020,Aug,6902.48
10,2020,Sep,10983.05
10,2020,Oct,7033.10
10,2020,Nov,5287.79
10,2020,Dec,5972.68
10,2021,Jan,4860.90
10,2021,Feb,5070.29
12,2016,Jan,2397.20
12,2016,Feb,939.64
12,2016,Mar,1608.93
12,2016,May,2526.23
12,2016,Jul,3420.63
12,2016,Aug,433.95
12,2017,Feb,149.95
12,2017,May,1946.00
12,2017,Jul,996.96
12,2017,Nov,8566.89
12,2017,Dec,5014.23
12,2018,Jan,1984.00
12,2018,Feb,7742.59
12,2018,May,4536.79
12,2018,Jun,9774.67
12,2018,Aug,2804.60
12,2018,Sep,6431.88
12,2018,Oct,1866.99
12,2018,Nov,2035.29
12,2018,Dec,2156.44
12,2019,Jan,8814.03
12,2019,Feb,7760.48
12,2019,Mar,1123.18
12,2019,May,1689.99
12,2019,Jun,1874.87
12,2019,Jul,599.70
12,2019,Aug,1176.00
12,2019,Sep,3153.68
12,2019,Oct,5564.15
12,2019,Nov,1859.82
12,2019,Dec,11891.43
12,2020,Jan,4565.96
12,2020,Feb,9828.68
12,2020,Mar,369.00
12,2020,May,5690.20
12,2020,Jun,2870.58
12,2020,Oct,869.97
12,2020,Dec,11992.13
12,2021,Jan,876.00
12,2021,Feb,2852.53
13,2016,Feb,983.96
13,2016,Apr,2396.00
13,2016,May,29.97
13,2016,Jul,6633.95
13,2016,Sep,1957.73
13,2016,Dec,1875.67
13,2017,Feb,2572.00
13,2017,Mar,14520.08
13,2017,May,848.97
13,2017,Jun,1567.00
13,2017,Oct,3877.96
13,2017,Nov,2226.84
13,2017,Dec,3500.03
13,2018,Jan,1357.98
13,2018,Jun,1523.99
13,2018,Jul,865.98
13,2018,Aug,2042.28
13,2018,Oct,953.47
13,2018,Nov,2520.87
13,2018,Dec,2495.26
13,2019,Feb,1475.00
13,2019,Mar,5438.96
13,2019,May,8154.52
13,2019,Jun,8424.79
13,2019,Jul,1039.39
13,2019,Aug,3047.72
13,2019,Oct,3645.91
13,2019,Nov,2176.16
13,2019,Dec,11560.02
13,2020,Jan,6235.06
13,2020,Feb,3529.79
13,2020,Mar,3052.98
13,2020,Apr,733.78
13,2020,May,3731.00
13,2020,Jun,436.20
13,2020,Aug,1033.95
13,2020,Dec,160.23
13,2021,Jan,1407.73
13,2021,Feb,2799.02
14,2016,Feb,3946.50
14,2016,Oct,2903.87
14,2016,Nov,3928.12
14,2016,Dec,4146.96
14,2017,May,3510.00
14,2017,Sep,3145.50
14,2017,Nov,3086.76
14,2017,Dec,10164.53
14,2018,Jan,88.62
14,2018,Feb,1314.00
14,2018,May,2555.67
14,2018,Sep,139.00
14,2018,Oct,495.91
14,2018,Nov,6400.89
14,2018,Dec,3737.00
14,2019,Jan,3308.69
14,2019,Feb,1978.67
14,2019,Jun,1086.98
14,2019,Jul,870.00
14,2019,Aug,3949.93
14,2019,Sep,1065.99
14,2019,Oct,2514.00
14,2019,Nov,7313.64
14,2019,Dec,2027.56
14,2020,Jan,10805.79
14,2020,Feb,650.85
14,2020,Apr,595.78
14,2020,May,877.50
14,2020,Nov,454.89
14,2020,Dec,4272.39
14,2021,Feb,317.07
15,2016,Jan,1332.80
15,2016,Feb,968.45
15,2016,May,2576.00
15,2016,Jul,20.99
15,2016,Aug,580.28
15,2016,Sep,267.00
15,2016,Oct,7223.97
15,2016,Nov,1582.00
15,2016,Dec,511.53
15,2017,May,326.00
15,2017,Jun,1516.26
15,2017,Jul,3704.88
15,2017,Aug,5245.29
15,2017,Sep,506.43
15,2017,Oct,3000.00
15,2017,Nov,2315.86
15,2017,Dec,4357.92
15,2018,Feb,449.99
15,2018,Apr,497.95
15,2018,May,1.00
15,2018,Jun,1849.91
15,2018,Jul,4875.94
15,2018,Oct,5747.40
15,2018,Nov,2013.00
15,2018,Dec,8475.41
15,2019,Jan,10915.33
15,2019,Feb,19486.97
15,2019,Mar,5936.71
15,2019,May,254.93
15,2019,Jun,600.98
15,2019,Jul,3082.86
15,2019,Aug,1059.00
15,2019,Sep,722.18
15,2019,Oct,8315.19
15,2019,Nov,5328.22
15,2019,Dec,10834.93
15,2020,Jan,8531.58
15,2020,Feb,10198.62
15,2020,Mar,4065.94
15,2020,Jun,4315.88
15,2020,Aug,2277.90
15,2020,Sep,2663.70
15,2020,Nov,830.64
15,2021,Jan,3591.65
15,2021,Feb,5508.00
16,2016,Jan,1954.60
16,2016,Feb,786.90
16,2016,May,779.66
16,2016,Jun,11562.76
16,2016,Sep,8511.82
16,2017,Jan,647.94
16,2017,Mar,3195.50
16,2017,Jun,1436.98
16,2017,Jul,1514.94
16,2017,Sep,26.97
16,2017,Dec,6145.52
16,2018,Feb,8206.88
16,2018,May,2648.99
16,2018,Jun,1609.30
16,2018,Jul,1356.82
16,2018,Aug,1752.00
16,2018,Sep,3043.46
16,2018,Oct,1507.40
16,2018,Dec,3161.09
16,2019,Jan,14138.31
16,2019,Feb,7110.82
16,2019,Mar,49.98
16,2019,Apr,289.00
16,2019,May,5122.76
16,2019,Jun,3859.30
16,2019,Jul,9193.90
16,2019,Aug,1008.68
16,2019,Sep,781.11
16,2019,Oct,2021.95
16,2019,Nov,10810.87
16,2019,Dec,5212.08
16,2020,Jan,8496.61
16,2020,Feb,7059.81
16,2020,May,2850.09
16,2020,Jun,3407.67
16,2020,Aug,979.96
16,2020,Sep,371.00
16,2020,Oct,2240.84
16,2020,Nov,2997.84
16,2020,Dec,1937.69
17,2016,Jan,2201.15
17,2016,Feb,5197.45
17,2016,Aug,101.99
17,2016,Oct,1582.00
17,2017,Feb,8212.09
17,2017,May,3050.57
17,2017,Jul,2169.51
17,2017,Aug,902.95
17,2017,Sep,1863.97
17,2017,Oct,2107.88
17,2017,Nov,6352.00
17,2018,Jan,1006.00
17,2018,Feb,149.99
17,2018,Apr,5.00
17,2018,May,2238.65
17,2018,Jun,4543.18
17,2018,Aug,2002.38
17,2018,Sep,2030.92
17,2018,Oct,3196.40
17,2018,Nov,9998.89
17,2018,Dec,5985.14
17,2019,Jan,11631.90
17,2019,Mar,5704.15
17,2019,May,2487.80
17,2019,Jun,380.00
17,2019,Aug,4407.55
17,2019,Sep,5292.81
17,2019,Oct,1118.67
17,2019,Nov,1530.23
17,2019,Dec,6560.00
17,2020,Jan,10036.87
17,2020,Feb,4027.65
17,2020,Mar,1629.90
17,2020,May,5538.09
17,2020,Jun,1029.97
17,2020,Jul,1076.53
17,2020,Sep,3708.00
17,2020,Nov,877.50
17,2021,Jan,2978.77
17,2021,Feb,2604.00
18,2016,Jan,5496.00
18,2016,Feb,2507.96
18,2016,May,198.00
18,2016,Jun,13506.26
18,2016,Aug,4919.09
18,2016,Sep,184.00
18,2016,Dec,4583.93
18,2017,Feb,6296.96
18,2017,Jun,2642.49
18,2017,Aug,999.89
18,2017,Dec,17123.82
18,2018,Jan,91.96
18,2018,Feb,1227.68
18,2018,Jul,8015.32
18,2018,Aug,1796.40
18,2018,Sep,2775.00
18,2018,Nov,7666.67
18,2018,Dec,7915.67
18,2019,Jan,13018.08
18,2019,Feb,19001.96
18,2019,Mar,1264.97
18,2019,Apr,659.85
18,2019,May,355.95
18,2019,Jun,7929.00
18,2019,Jul,1713.99
18,2019,Sep,638.85
18,2019,Oct,13776.45
18,2019,Nov,2365.85
18,2019,Dec,3738.56
18,2020,Jan,2032.39
18,2020,Feb,1313.49
18,2020,Mar,1608.76
18,2020,May,2779.00
18,2020,Jun,2990.94
18,2020,Oct,2324.90
18,2020,Nov,555.74
18,2020,Dec,1875.20
18,2021,Feb,4092.69
19,2016,Jan,10604.38
19,2016,Feb,7330.65
19,2016,Mar,2033.72
19,2016,Apr,1536.78
19,2016,May,1163.84
19,2016,Jun,2805.97
19,2016,Jul,4480.84
19,2016,Aug,4587.55
19,2016,Sep,2847.09
19,2016,Oct,8623.75
19,2016,Nov,3230.58
19,2016,Dec,15917.53
19,2017,Jan,4439.87
19,2017,Feb,7810.82
19,2017,Mar,749.97
19,2017,Apr,362.00
19,2017,May,3312.90
19,2017,Jun,4267.32
19,2017,Jul,11380.43
19,2017,Aug,5671.09
19,2017,Sep,559.50
19,2017,Oct,1725.82
19,2017,Nov,2023.67
19,2017,Dec,6634.82
19,2018,Jan,3971.15
19,2018,Feb,13504.15
19,2018,Mar,2248.79
19,2018,May,6577.79
19,2018,Jun,9635.90
19,2018,Jul,18308.98
19,2018,Aug,10540.50
19,2018,Sep,4382.67
19,2018,Oct,13919.54
19,2018,Nov,15255.38
19,2018,Dec,20629.45
19,2019,Jan,18915.94
19,2019,Feb,12055.44
19,2019,Mar,8361.25
19,2019,Apr,857.00
19,2019,May,3088.82
19,2019,Jun,4718.88
19,2019,Jul,8480.59
19,2019,Aug,7760.92
19,2019,Sep,9573.51
19,2019,Oct,20819.15
19,2019,Nov,22548.00
19,2019,Dec,25469.55
19,2020,Jan,13261.86
19,2020,Feb,10619.30
19,2020,Mar,699.95
19,2020,May,7238.34
19,2020,Jun,11524.18
19,2020,Jul,3201.33
19,2020,Sep,1594.99
19,2020,Oct,2855.40
19,2020,Dec,6052.92
19,2021,Jan,4702.62
19,2021,Feb,2751.73
20,2016,Jan,2650.18
20,2016,Feb,3122.48
20,2016,Mar,1017.95
20,2016,May,2506.52
20,2016,Jun,571.66
20,2016,Jul,1120.00
20,2016,Aug,1979.06
20,2016,Sep,5614.44
20,2016,Oct,1684.45
20,2016,Nov,5889.91
20,2016,Dec,11838.39
20,2017,Jan,5393.61
20,2017,Feb,10459.08
20,2017,Mar,1484.81
20,2017,May,4911.18
20,2017,Jun,7985.31
20,2017,Jul,4143.80
20,2017,Aug,3906.73
20,2017,Sep,7525.42
20,2017,Oct,644.46
20,2017,Nov,2820.83
20,2017,Dec,3002.73
20,2018,Jan,11346.53
20,2018,Feb,13002.38
20,2018,Mar,4159.87
20,2018,May,18270.76
20,2018,Jun,9914.39
20,2018,Jul,816.36
20,2018,Aug,2660.77
20,2018,Sep,12486.10
20,2018,Oct,10419.82
20,2018,Nov,11891.37
20,2018,Dec,31902.27
20,2019,Jan,14552.83
20,2019,Feb,8789.10
20,2019,Mar,8151.13
20,2019,May,14796.27
20,2019,Jun,12290.36
20,2019,Jul,6323.07
21,2018,Jun,8337.50
21,2018,Jul,2592.21
21,2018,Aug,6193.57
21,2018,Sep,6029.69
21,2018,Oct,19811.79
21,2018,Nov,7366.34
21,2018,Dec,10410.52
21,2019,Jan,23436.46
21,2019,Feb,17085.12
21,2019,Mar,6596.63
21,2019,May,28527.39
21,2019,Jun,12893.66
21,2019,Jul,14834.36
21,2019,Aug,3381.96
21,2019,Sep,11823.25
21,2019,Oct,7237.98
21,2019,Nov,9562.96
21,2019,Dec,42130.27
21,2020,Jan,9271.69
21,2020,Feb,21399.94
21,2020,Mar,2631.86
21,2020,Apr,1196.00
21,2020,May,8075.29
21,2020,Jun,5163.23
21,2020,Jul,8808.54
21,2020,Aug,2460.00
21,2020,Oct,2290.00
21,2020,Dec,1032.43
21,2021,Jan,5151.86
22,2016,Jan,1449.22
22,2016,Feb,4251.71
22,2016,Apr,1146.82
22,2016,May,3159.00
22,2016,Jun,1422.60
22,2016,Aug,13949.96
22,2016,Sep,1529.83
22,2016,Oct,2513.50
22,2016,Nov,2192.90
22,2016,Dec,9085.94
22,2017,Jan,3295.17
22,2017,Feb,8665.41
22,2017,Mar,928.90
22,2017,Apr,64.90
22,2017,May,2115.90
22,2017,Jun,3594.00
22,2017,Jul,6517.93
22,2017,Aug,9857.54
22,2017,Sep,3869.40
22,2017,Oct,12807.35
22,2017,Nov,5485.70
22,2017,Dec,10766.97
22,2018,Jan,21340.10
22,2018,Feb,5059.73
22,2018,Mar,7090.91
22,2018,May,4652.54
22,2018,Jun,15219.57
22,2018,Jul,12797.63
22,2018,Aug,1963.87
22,2018,Sep,4712.53
22,2018,Oct,18780.82
22,2018,Nov,8224.48
22,2018,Dec,23841.68
22,2019,Jan,11507.50
22,2019,Feb,22230.29
22,2019,Mar,24516.35
22,2019,Apr,2209.04
22,2019,May,19624.30
22,2019,Jun,16607.02
22,2019,Jul,25056.55
22,2019,Aug,25222.13
22,2019,Sep,14732.72
22,2019,Oct,14372.70
22,2019,Nov,14584.87
22,2019,Dec,26344.72
22,2020,Jan,17709.18
22,2020,Feb,17132.11
22,2020,Mar,4228.27
22,2020,Apr,3.35
22,2020,May,3219.21
22,2020,Jun,3272.89
22,2020,Jul,3283.87
22,2020,Aug,2860.78
22,2020,Sep,6748.70
22,2020,Nov,1495.00
22,2020,Dec,4126.04
22,2021,Jan,149.96
22,2021,Feb,2320.92
23,2016,Jan,2211.47
23,2016,Feb,8102.01
23,2016,May,1978.70
23,2016,Jun,7669.12
23,2016,Sep,7388.95
23,2016,Oct,7761.87
23,2016,Nov,4355.73
23,2016,Dec,18676.93
23,2017,Jan,7054.43
23,2017,Feb,5323.90
23,2017,Mar,953.30
23,2017,Apr,624.00
23,2017,May,3046.22
23,2017,Jun,4985.69
23,2017,Jul,1175.92
23,2017,Aug,11320.11
23,2017,Sep,5566.43
23,2017,Oct,986.41
23,2017,Nov,3879.05
23,2017,Dec,8529.81
23,2018,Jan,16801.41
23,2018,Feb,16349.41
23,2018,Mar,2243.80
23,2018,Apr,394.96
23,2018,May,15561.91
23,2018,Jun,5077.96
23,2018,Jul,4894.94
23,2018,Aug,6186.57
23,2018,Sep,14363.93
23,2018,Oct,16488.08
23,2018,Nov,11483.11
23,2018,Dec,13635.51
23,2019,Jan,16990.00
23,2019,Feb,13173.52
23,2019,Mar,1952.33
23,2019,May,26616.82
23,2019,Jun,13538.75
23,2019,Jul,20607.47
23,2019,Aug,7330.92
23,2019,Sep,17395.04
23,2019,Oct,18986.20
23,2019,Nov,4240.67
23,2019,Dec,14978.58
23,2020,Jan,21417.72
23,2020,Feb,11868.10
23,2020,Mar,4189.10
23,2020,May,8828.90
23,2020,Jun,3797.58
23,2020,Jul,901.20
23,2020,Aug,134.75
23,2020,Sep,434.95
23,2020,Oct,4454.35
23,2020,Nov,9139.04
23,2020,Dec,1785.70
23,2021,Jan,4711.99
24,2016,Jan,4041.28
24,2016,Feb,1700.16
24,2016,Mar,1514.96
24,2016,Apr,1481.22
24,2016,May,14612.71
24,2016,Jun,9683.66
24,2016,Jul,2278.48
24,2016,Aug,22183.65
24,2016,Sep,2836.65
24,2016,Oct,198.90
24,2016,Nov,8393.58
24,2016,Dec,10316.40
24,2017,Jan,586.76
24,2017,Feb,5941.10
24,2017,Mar,556.46
24,2017,May,707.69
24,2017,Jun,2648.90
24,2017,Sep,10246.77
24,2017,Nov,3907.74
24,2017,Dec,20119.14
24,2018,Jan,5613.93
24,2018,Feb,21417.83
24,2018,Mar,5272.45
24,2018,May,9315.20
24,2018,Jun,6141.70
24,2018,Jul,4644.35
24,2018,Aug,11886.69
24,2018,Sep,1934.89
24,2018,Oct,7687.58
24,2018,Nov,16341.94
24,2018,Dec,17235.18
24,2019,Jan,12222.12
24,2019,Feb,7878.01
24,2019,Mar,6809.56
24,2019,Apr,1172.92
24,2019,May,4020.81
24,2019,Jun,10486.51
24,2019,Jul,13489.51
24,2019,Aug,18359.35
24,2019,Sep,6167.86
24,2019,Oct,16593.22
24,2019,Nov,12983.73
24,2019,Dec,24458.90
24,2020,Jan,6405.35
24,2020,Feb,42227.90
24,2020,Mar,2495.80
24,2020,Apr,7680.13
24,2020,May,4361.28
24,2020,Jun,17546.97
24,2020,Jul,8500.39
24,2020,Aug,1048.57
24,2020,Oct,2099.85
24,2020,Nov,1157.96
24,2020,Dec,2090.91
24,2021,Jan,7913.52
24,2021,Feb,880.83
26,2019,Mar,7213.63
26,2019,May,21204.12
26,2019,Jun,5723.27
26,2019,Jul,11564.64
26,2019,Aug,16956.06
26,2019,Sep,7864.59
26,2019,Oct,18507.79
26,2019,Nov,21648.45
26,2019,Dec,32719.13
26,2020,Jan,9526.28
26,2020,Feb,17069.44
26,2020,Apr,1908.54
26,2020,May,7921.72
26,2020,Jun,8991.00
26,2020,Jul,6805.27
26,2020,Aug,13317.88
26,2020,Sep,4332.94
26,2020,Nov,497.39
26,2020,Dec,7684.29
26,2021,Jan,2065.73
26,2021,Feb,10331.46
27,2016,Jan,3805.85
27,2016,Feb,8153.05
27,2016,May,2798.93
27,2016,Jun,10374.50
27,2016,Jul,2293.39
27,2016,Aug,5437.41
27,2016,Sep,3196.75
27,2016,Oct,4163.89
27,2016,Nov,1486.54
27,2016,Dec,9328.12
27,2017,Jan,720.70
27,2017,Feb,6418.27
27,2017,Mar,2625.50
27,2017,May,7479.90
27,2017,Jun,3455.93
27,2017,Jul,516.00
27,2017,Aug,1938.00
27,2017,Sep,15260.71
27,2017,Oct,1582.35
27,2017,Nov,2975.44
27,2017,Dec,26746.58
27,2018,Jan,2725.69
27,2018,Feb,3625.74
27,2018,Mar,11944.10
27,2018,Apr,617.48
27,2018,May,8808.67
27,2018,Jun,10137.65
27,2018,Jul,947.93
27,2018,Aug,8760.54
27,2018,Sep,6410.33
27,2018,Oct,11375.57
27,2018,Nov,9494.02
27,2018,Dec,13284.62
27,2019,Jan,25449.22
27,2019,Feb,11932.76
27,2019,Mar,10565.10
27,2019,Apr,3952.15
27,2019,May,11685.19
27,2019,Jun,19016.66
27,2019,Jul,21070.59
27,2019,Aug,13901.64
27,2019,Sep,8198.07
27,2019,Oct,13973.82
27,2019,Nov,11948.37
27,2019,Dec,20980.99
27,2020,Jan,13999.12
27,2020,Feb,19377.93
27,2020,Mar,8995.11
27,2020,May,3935.82
27,2020,Jun,2335.15
27,2020,Jul,2945.92
27,2020,Aug,9310.35
27,2020,Sep,768.86
27,2020,Oct,799.56
27,2020,Nov,5316.83
27,2020,Dec,8411.93
28,2016,Jan,9188.53
28,2016,Feb,10474.76
28,2016,Mar,17261.41
28,2016,Apr,2571.12
28,2016,Jun,8524.51
28,2016,Jul,2715.96
28,2016,Aug,11231.25
28,2016,Sep,3726.64
28,2016,Oct,5479.95
28,2016,Nov,5957.55
28,2016,Dec,12499.54
28,2017,Jan,7637.23
28,2017,Feb,21207.72
28,2017,Mar,3033.64
28,2017,Apr,398.00
28,2017,May,24545.82
28,2017,Jun,6219.07
28,2017,Jul,3851.92
29,2016,Jan,33334.40
29,2016,Feb,6011.41
29,2016,Mar,849.97
29,2016,Apr,47.79
29,2016,May,8538.59
29,2016,Jun,1614.93
29,2016,Jul,10882.39
29,2016,Aug,5855.58
29,2016,Sep,3106.78
29,2016,Oct,12274.30
29,2016,Nov,2251.98
29,2016,Dec,12430.43
29,2017,Jan,8463.04
29,2017,Feb,7564.80
29,2017,Mar,1973.35
29,2017,Apr,2880.00
29,2017,May,343.77
29,2017,Jun,6454.80
29,2017,Jul,11388.26
29,2017,Aug,16090.20
29,2017,Sep,7403.66
29,2017,Oct,17855.52
29,2017,Nov,2824.93
29,2017,Dec,9091.98
29,2018,Jan,3801.82
29,2018,Feb,34635.22
29,2018,Mar,86.00
29,2018,Apr,5013.75
29,2018,May,19148.41
29,2018,Jun,19421.72
29,2018,Jul,4724.45
29,2018,Aug,9968.64
29,2018,Sep,10333.42
29,2018,Oct,19512.49
29,2018,Nov,6452.08
29,2018,Dec,24564.58
29,2019,Jan,25999.17
29,2019,Feb,36135.48
29,2019,Mar,9672.46
29,2019,May,26245.94
29,2019,Jun,19142.77
29,2019,Jul,18838.51
29,2019,Aug,15128.86
29,2019,Sep,9709.08
29,2019,Oct,28015.81
29,2019,Nov,8093.12
29,2019,Dec,24835.81
29,2020,Jan,53394.12
29,2020,Feb,23713.61
29,2020,Mar,11507.42
29,2020,May,2105.02
29,2020,Jun,2839.49
29,2020,Aug,4634.45
29,2020,Sep,6571.08
29,2020,Oct,444.80
29,2020,Dec,5897.63
29,2021,Feb,8348.61
30,2016,Jan,11486.77
30,2016,Feb,15548.49
30,2016,Mar,4499.26
30,2016,May,8715.64
30,2016,Jun,10161.90
30,2016,Jul,9931.33
30,2016,Aug,293.50
30,2016,Sep,505.46
30,2016,Oct,3653.03
30,2016,Nov,1995.51
30,2016,Dec,3830.75
30,2017,Jan,15202.22
30,2017,Feb,7435.13
30,2017,Mar,4674.97
30,2017,May,2453.01
30,2017,Jun,6247.57
30,2017,Jul,2322.00
30,2017,Aug,11359.03
30,2017,Sep,16133.23
30,2017,Oct,11411.16
30,2017,Nov,13521.16
30,2017,Dec,10516.58
30,2018,Jan,7580.47
30,2018,Feb,20400.20
30,2018,Mar,12547.41
30,2018,Apr,2491.15
30,2018,May,12966.19
30,2018,Jun,32143.13
30,2018,Jul,3041.98
30,2018,Aug,29674.85
30,2018,Sep,11819.98
30,2018,Oct,21865.40
30,2018,Nov,9512.53
30,2018,Dec,38618.43
30,2019,Jan,17435.70
30,2019,Feb,22703.00
30,2019,Mar,995.74
30,2019,May,10498.04
30,2019,Jun,14308.55
30,2019,Jul,24419.56
30,2019,Aug,14227.84
30,2019,Sep,26321.60
30,2019,Oct,30024.74
30,2019,Nov,28070.36
30,2019,Dec,22310.62
30,2020,Jan,41245.18
30,2020,Feb,23623.57
30,2020,Mar,2592.50
30,2020,May,21815.11
30,2020,Jun,2769.88
30,2020,Jul,12218.25
30,2020,Aug,10235.43
30,2020,Dec,8822.08
30,2021,Feb,6803.91
31,2016,Jan,2607.46
31,2016,Feb,8441.77
31,2016,Jun,5757.90
31,2016,Jul,4367.41
31,2016,Aug,4238.47
31,2016,Sep,1103.87
31,2016,Oct,7710.69
31,2016,Nov,3399.86
31,2016,Dec,1873.28
31,2017,May,3056.40
31,2017,Jun,5276.79
31,2017,Jul,6550.53
31,2017,Aug,6504.21
31,2017,Nov,12789.45
31,2017,Dec,9388.62
31,2018,Jan,13820.69
31,2018,Feb,5872.97
31,2018,Mar,1142.00
31,2018,Jun,6765.54
31,2018,Jul,79.00
31,2018,Aug,20195.23
31,2018,Sep,1808.16
31,2018,Oct,14105.77
31,2018,Nov,10710.97
31,2018,Dec,12488.52
31,2019,Jan,10196.73
31,2019,Feb,10982.66
31,2019,Mar,143.40
31,2019,Apr,5661.60
31,2019,May,7451.42
31,2019,Jun,3570.94
31,2019,Jul,11224.38
31,2019,Aug,9609.81
31,2019,Sep,4995.78
31,2019,Oct,11563.59
31,2019,Nov,3160.17
31,2019,Dec,8745.31
31,2020,Jan,20466.56
31,2020,Feb,9731.90
31,2020,Mar,17.99
31,2020,May,2392.75
31,2020,Jun,9248.40
31,2020,Jul,1808.39
31,2020,Aug,1901.92
31,2020,Oct,179.99
31,2020,Nov,442.16
31,2020,Dec,879.82
31,2021,Jan,1701.90
31,2021,Feb,1808.63
32,2016,Jan,2058.54
32,2016,Feb,4069.90
32,2016,Mar,2178.97
32,2016,May,2105.94
32,2016,Jun,3317.80
32,2016,Aug,5232.94
32,2016,Sep,717.92
32,2016,Oct,3701.81
32,2016,Dec,14398.98
32,2017,May,4836.97
32,2017,Jun,1113.96
32,2017,Aug,2313.96
32,2017,Sep,6058.72
32,2017,Oct,1039.85
32,2017,Nov,401.98
32,2017,Dec,1792.33
32,2018,Jan,5373.39
32,2018,Feb,4493.93
32,2018,May,11039.01
32,2018,Jun,1975.97
32,2018,Jul,5788.48
32,2018,Aug,3249.75
32,2018,Sep,17596.31
32,2018,Oct,16667.92
32,2018,Nov,2036.00
32,2018,Dec,20586.14
32,2019,Jan,14723.93
32,2019,Feb,4333.03
32,2019,Mar,15395.85
32,2019,May,11672.22
32,2019,Jun,14606.51
32,2019,Jul,3689.36
32,2019,Aug,3114.55
32,2019,Sep,1512.07
32,2019,Oct,2933.93
32,2019,Nov,19027.09
32,2019,Dec,24712.68
32,2020,Jan,6261.90
32,2020,Feb,17241.72
32,2020,Mar,9533.91
32,2020,May,6464.07
32,2020,Jul,6552.49
32,2020,Aug,5937.87
32,2020,Sep,1093.30
32,2020,Oct,1582.93
32,2020,Nov,4.74
32,2020,Dec,4499.04
32,2021,Jan,969.00
32,2021,Feb,9446.94
33,2016,Jan,1876.00
33,2016,Feb,9288.86
33,2016,Mar,796.00
33,2016,May,13919.40
33,2016,Jul,1208.93
33,2016,Aug,511.95
33,2016,Sep,5116.30
33,2016,Oct,2989.86
33,2016,Nov,2300.84
33,2016,Dec,5507.66
33,2017,Jan,694.14
33,2017,Feb,3190.94
33,2017,Mar,2582.83
33,2017,May,4611.80
33,2017,Jun,13532.08
33,2017,Jul,6001.67
33,2017,Aug,3337.05
33,2017,Sep,7778.00
33,2017,Oct,7377.32
33,2017,Nov,2582.48
33,2017,Dec,7809.18
33,2018,Jan,1105.96
33,2018,Feb,14862.55
33,2018,May,809.99
33,2018,Jun,1197.07
33,2018,Jul,913.29
33,2018,Aug,1795.80
33,2018,Sep,6827.01
33,2018,Oct,4079.87
33,2018,Nov,14686.48
33,2018,Dec,8555.75
33,2019,Jan,319.38
33,2019,Feb,13162.36
33,2019,Mar,9299.35
33,2019,Apr,6679.00
33,2019,May,9493.84
33,2019,Jun,8150.98
33,2019,Jul,6163.54
33,2019,Aug,7061.69
33,2019,Sep,9107.77
33,2019,Oct,7429.84
33,2019,Nov,2111.97
33,2019,Dec,14146.17
33,2020,Jan,39661.46
33,2020,Feb,5453.18
33,2020,Mar,699.84
33,2020,May,2504.40
33,2020,Jun,1911.91
33,2020,Jul,5131.03
33,2020,Aug,2009.00
33,2020,Sep,7841.54
33,2020,Oct,296.00
33,2020,Nov,1623.78
33,2020,Dec,299.00
33,2021,Jan,710.82
33,2021,Feb,713.97
34,2016,Feb,2951.09
34,2016,Mar,3028.45
34,2016,Jun,6968.00
34,2016,Jul,9973.80
34,2016,Aug,1216.40
34,2016,Sep,8610.93
34,2016,Oct,2421.91
34,2016,Nov,964.65
34,2017,Jan,10270.91
34,2017,Feb,4091.95
34,2017,Apr,1135.99
34,2017,May,5138.96
34,2017,Jun,826.00
34,2017,Jul,1142.88
34,2017,Aug,389.70
34,2017,Sep,1320.21
34,2017,Oct,1491.98
34,2017,Nov,5625.36
34,2017,Dec,12905.33
34,2018,Jan,8433.27
34,2018,Feb,10946.32
34,2018,Mar,6600.63
34,2018,May,2590.62
34,2018,Jun,7554.97
34,2018,Jul,758.00
34,2018,Aug,11460.31
34,2018,Sep,13172.48
34,2018,Oct,14677.54
34,2018,Nov,3517.07
34,2018,Dec,15342.70
34,2019,Jan,10284.06
34,2019,Feb,9468.55
34,2019,Mar,8995.52
34,2019,Apr,14.94
34,2019,May,10554.36
34,2019,Jun,18688.51
34,2019,Jul,6679.62
34,2019,Aug,7191.41
34,2019,Sep,5288.36
34,2019,Nov,13567.41
34,2019,Dec,4787.76
34,2020,Jan,11539.84
34,2020,Feb,11296.85
34,2020,Mar,1140.30
34,2020,May,9682.22
34,2020,Jun,4191.89
34,2020,Jul,7107.00
34,2020,Aug,1580.82
34,2020,Sep,2092.39
34,2020,Dec,126.01
34,2021,Jan,6286.80
34,2021,Feb,210.92
36,2016,Jan,5564.94
36,2016,Feb,5204.58
36,2016,Mar,3835.72
36,2016,May,2980.04
36,2016,Jun,5843.62
36,2016,Jul,598.00
36,2016,Aug,5790.44
36,2016,Sep,4781.20
36,2016,Oct,22851.29
36,2016,Nov,4113.01
36,2016,Dec,13543.58
36,2017,Jan,13026.11
36,2017,Feb,11913.48
36,2017,Mar,3724.87
36,2017,May,3437.78
36,2017,Jun,2745.25
36,2017,Jul,5471.38
36,2017,Aug,7567.40
36,2017,Sep,17585.10
36,2017,Oct,8451.82
36,2017,Nov,11944.58
36,2017,Dec,12255.42
36,2018,Jan,8622.80
36,2018,Feb,8158.34
36,2018,Mar,472.15
36,2018,Apr,2632.65
36,2018,May,22826.01
36,2018,Jun,9654.72
36,2018,Jul,10814.94
36,2018,Aug,7140.32
36,2018,Sep,27355.93
36,2018,Oct,10125.56
36,2018,Nov,27534.38
36,2018,Dec,21746.65
36,2019,Jan,28530.14
36,2019,Feb,18277.46
36,2019,Mar,11939.02
36,2019,Apr,658.80
36,2019,May,43971.75
36,2019,Jun,18618.61
36,2019,Jul,14082.55
36,2019,Aug,17931.64
36,2019,Sep,18964.77
36,2019,Oct,20022.24
36,2019,Nov,20219.29
36,2019,Dec,51760.71
36,2020,Jan,34961.81
36,2020,Feb,29247.03
36,2020,Mar,6042.73
36,2020,Apr,1553.83
36,2020,May,5645.93
36,2020,Jun,2358.17
36,2020,Jul,8054.33
36,2020,Aug,4995.12
36,2020,Sep,1214.84
36,2020,Oct,284.70
36,2020,Dec,8947.55
36,2021,Jan,13368.52
36,2021,Feb,4719.99
37,2016,Jan,6133.40
37,2016,Feb,19749.49
37,2016,Mar,3967.87
37,2016,Apr,1039.99
37,2016,May,2908.00
37,2016,Jun,12125.48
37,2016,Jul,2969.93
37,2016,Aug,2407.88
37,2016,Sep,6794.97
37,2016,Oct,16392.33
37,2016,Nov,15669.49
37,2016,Dec,14179.21
37,2017,Jan,6161.63
37,2017,Feb,21349.75
37,2017,Mar,3184.14
37,2017,May,488.00
37,2017,Jun,16623.02
37,2017,Jul,699.00
37,2017,Aug,7456.19
37,2017,Sep,4295.66
37,2017,Oct,6705.18
37,2017,Nov,3156.27
37,2017,Dec,21422.57
37,2018,Jan,10938.44
37,2018,Feb,14834.62
37,2018,May,2724.67
37,2018,Jun,13567.68
37,2018,Jul,16220.04
37,2018,Aug,6032.02
37,2018,Sep,12218.24
37,2018,Oct,24045.13
37,2018,Nov,44773.71
37,2018,Dec,25714.78
37,2019,Jan,13725.65
37,2019,Feb,39302.44
37,2019,Mar,1489.76
37,2019,Apr,2155.38
37,2019,May,13200.79
37,2019,Jun,6846.84
37,2019,Jul,5645.45
37,2019,Aug,8488.94
37,2019,Sep,15020.28
37,2019,Oct,12930.72
37,2019,Nov,26271.12
37,2019,Dec,30229.06
37,2020,Jan,27219.88
37,2020,Feb,30933.34
37,2020,Mar,19508.91
37,2020,Apr,2412.00
37,2020,May,13828.98
37,2020,Jun,16212.89
37,2020,Jul,234.98
37,2020,Aug,156.00
37,2020,Sep,289.99
37,2020,Nov,1778.89
37,2020,Dec,459.80
37,2021,Jan,4609.92
37,2021,Feb,6056.29
38,2016,Jan,4912.49
38,2016,Feb,11303.02
38,2016,Mar,3427.57
38,2016,Apr,1574.94
38,2016,May,2096.91
38,2016,Jun,24952.62
38,2016,Jul,15056.77
38,2016,Aug,8121.99
38,2016,Sep,13856.20
38,2016,Oct,7206.69
38,2016,Nov,759.99
38,2016,Dec,21956.11
38,2017,Jan,17639.42
38,2017,Feb,7137.82
38,2017,Mar,1118.00
38,2017,May,1607.30
38,2017,Jun,8000.22
38,2017,Jul,4115.37
38,2017,Aug,2122.37
38,2017,Sep,20408.01
38,2017,Oct,4692.32
38,2017,Nov,5794.14
38,2017,Dec,17363.76
38,2018,Jan,13520.41
38,2018,Feb,9932.66
38,2018,Mar,3710.40
38,2018,May,13254.66
38,2018,Jun,27314.70
38,2018,Jul,16866.32
38,2018,Aug,17614.43
38,2018,Sep,6987.11
38,2018,Oct,16533.13
38,2018,Nov,17822.26
38,2018,Dec,26721.24
38,2019,Jan,21950.44
38,2019,Feb,19955.66
38,2019,Mar,9317.08
38,2019,May,32839.96
38,2019,Jun,20842.78
38,2019,Jul,28544.85
38,2019,Aug,16040.33
38,2019,Sep,17636.64
38,2019,Oct,18913.92
38,2019,Nov,10821.03
38,2019,Dec,32962.92
38,2020,Jan,8792.04
38,2020,Feb,37422.07
38,2020,Mar,30250.23
38,2020,Apr,1173.38
38,2020,May,3934.13
38,2020,Jun,23398.29
38,2020,Jul,2184.83
38,2020,Aug,4036.61
38,2020,Sep,2.00
38,2020,Oct,3017.73
38,2020,Nov,4315.38
38,2020,Dec,5751.22
38,2021,Jan,137.00
39,2016,Jan,5207.04
39,2016,Feb,3930.42
39,2016,Mar,9747.52
39,2016,Apr,3427.99
39,2016,May,18226.70
39,2016,Jun,8384.14
39,2016,Jul,2886.86
39,2016,Aug,1621.64
39,2016,Sep,5759.27
39,2016,Oct,2581.33
39,2016,Nov,4250.19
39,2016,Dec,7063.36
39,2017,Jan,12271.17
39,2017,Feb,9392.50
39,2017,Mar,1854.73
39,2017,May,7923.16
39,2017,Jun,12554.86
39,2017,Jul,17780.54
39,2017,Aug,5395.24
39,2017,Sep,520.99
39,2017,Oct,33.98
39,2017,Nov,2863.84
39,2017,Dec,10046.50
39,2018,Jan,20606.88
39,2018,Feb,17508.37
39,2018,Mar,2855.55
39,2018,Apr,1554.00
39,2018,May,11662.48
39,2018,Jun,14565.21
39,2018,Jul,13425.96
39,2018,Aug,11982.53
39,2018,Sep,8303.27
39,2018,Oct,16867.18
39,2018,Nov,20212.13
39,2018,Dec,18541.83
39,2019,Jan,50253.43
39,2019,Feb,13796.37
39,2019,Mar,26279.77
39,2019,Apr,722.15
39,2019,May,7635.79
39,2019,Jun,35185.94
39,2019,Jul,6449.33
39,2019,Aug,31273.71
39,2019,Sep,14030.09
39,2019,Oct,19166.36
39,2019,Nov,25437.11
39,2019,Dec,40902.86
39,2020,Jan,20063.34
39,2020,Feb,22582.42
39,2020,Mar,2106.25
39,2020,Apr,6952.00
39,2020,May,2697.78
39,2020,Jun,9086.76
39,2020,Jul,6725.53
39,2020,Aug,4251.55
39,2020,Sep,5245.29
39,2020,Oct,4439.67
39,2020,Nov,700.23
39,2020,Dec,2958.83
39,2021,Jan,7892.45
39,2021,Feb,2439.80
40,2016,Jan,6033.40
40,2016,Feb,1937.82
40,2016,Mar,624.00
40,2016,May,8203.24
40,2016,Jun,4781.82
40,2016,Jul,8073.01
40,2016,Aug,3226.58
40,2016,Sep,7079.37
40,2016,Oct,4624.92
40,2016,Nov,13835.33
40,2016,Dec,36203.28
40,2017,Jan,6826.69
40,2017,Feb,19455.36
40,2017,Mar,1052.90
40,2017,May,9523.84
40,2017,Jun,12781.25
40,2017,Jul,16432.14
40,2017,Aug,6634.18
40,2017,Sep,3509.00
40,2017,Oct,10570.89
40,2017,Nov,11301.30
40,2017,Dec,14619.95
40,2018,Jan,23342.24
40,2018,Feb,12436.93
40,2018,Mar,4281.31
40,2018,Apr,2673.92
40,2018,May,22435.21
40,2018,Jun,12265.80
40,2018,Jul,16129.78
40,2018,Aug,6548.93
40,2018,Sep,24843.17
40,2018,Oct,23255.73
40,2018,Nov,16044.17
40,2018,Dec,23494.89
40,2019,Jan,17946.70
40,2019,Feb,36084.38
40,2019,Mar,2727.50
40,2019,May,36358.66
40,2019,Jun,32887.84
40,2019,Jul,24666.43
40,2019,Aug,22606.99
40,2019,Sep,16694.48
40,2019,Oct,21895.83
40,2019,Nov,4977.02
40,2019,Dec,16646.73
40,2020,Jan,26180.45
40,2020,Feb,26927.02
40,2020,Mar,6612.95
40,2020,Apr,23.72
40,2020,May,10218.39
40,2020,Jun,2740.21
40,2020,Aug,6797.86
40,2020,Sep,3207.40
40,2020,Oct,6082.18
40,2020,Dec,4397.56
40,2021,Jan,5053.68
40,2021,Feb,7587.63
41,2016,Jan,6453.31
41,2016,Feb,25250.67
41,2016,Mar,519.94
41,2016,Apr,4879.99
41,2016,May,2009.26
41,2016,Jun,3672.55
41,2016,Jul,11058.99
41,2016,Aug,6735.87
41,2016,Sep,4112.68
41,2016,Oct,888.19
41,2016,Nov,5716.69
41,2016,Dec,11844.83
41,2017,Jan,23240.54
41,2017,Feb,17011.94
41,2017,Mar,1329.65
41,2017,May,5930.81
41,2017,Jun,29440.61
41,2017,Jul,8422.77
41,2017,Aug,2563.76
41,2017,Sep,4592.12
41,2017,Oct,7441.19
41,2017,Nov,7533.03
41,2017,Dec,14027.73
41,2018,Jan,18438.13
41,2018,Feb,12183.76
41,2018,Mar,3208.20
41,2018,Apr,289.99
41,2018,May,7567.83
41,2018,Jun,29600.41
41,2018,Jul,11410.91
41,2018,Aug,9269.38
41,2018,Sep,4140.12
42,2016,Jan,16650.16
42,2016,Feb,17334.74
42,2016,Mar,5536.09
42,2016,Apr,398.97
42,2016,May,22068.69
42,2016,Jun,11871.93
42,2016,Jul,10681.81
42,2016,Aug,9727.30
42,2016,Sep,8261.86
42,2016,Oct,6756.57
42,2016,Nov,2878.76
42,2016,Dec,13858.17
42,2017,Jan,25467.24
42,2017,Feb,7983.77
42,2017,Mar,7910.34
42,2017,Apr,399.00
42,2017,May,6571.43
42,2017,Jun,558.80
42,2017,Jul,2683.88
42,2017,Aug,14296.40
42,2017,Sep,10524.38
42,2017,Oct,5706.58
42,2017,Nov,15938.34
42,2017,Dec,12036.27
42,2018,Jan,13301.61
42,2018,Feb,31201.85
42,2018,Mar,8820.93
42,2018,May,15108.63
42,2018,Jun,9814.32
42,2018,Jul,8668.73
42,2018,Aug,15676.32
42,2018,Sep,6718.07
42,2018,Oct,4355.70
42,2018,Nov,6617.13
42,2018,Dec,25887.27
42,2019,Jan,25840.97
42,2019,Feb,40480.73
42,2019,Mar,11375.00
42,2019,Apr,2390.36
42,2019,May,10603.99
42,2019,Jun,21524.03
42,2019,Jul,20531.69
42,2019,Aug,20275.05
42,2019,Sep,14549.61
42,2019,Oct,13180.27
42,2019,Nov,31015.83
42,2019,Dec,20754.72
42,2020,Jan,39513.17
42,2020,Feb,30464.15
42,2020,Mar,1340.76
42,2020,Apr,474.26
42,2020,May,9695.53
42,2020,Jun,10636.49
42,2020,Jul,4532.00
42,2020,Aug,3916.07
42,2020,Sep,1216.95
42,2020,Dec,2438.80
42,2021,Jan,6286.14
42,2021,Feb,366.52
43,2016,Jan,2758.66
43,2016,Feb,9585.58
43,2016,Mar,4382.54
43,2016,May,6721.66
43,2016,Jun,9815.65
43,2016,Jul,10160.32
43,2016,Aug,9940.82
43,2016,Sep,8098.22
43,2016,Oct,6173.63
43,2016,Nov,4665.91
43,2016,Dec,15945.90
43,2017,Jan,5842.74
43,2017,Feb,18118.81
43,2017,Mar,6097.80
43,2017,Apr,299.90
43,2017,May,17740.51
43,2017,Jun,8035.00
43,2017,Jul,559.89
43,2017,Aug,15213.96
43,2017,Sep,19449.00
43,2017,Oct,12423.53
43,2017,Nov,13368.86
43,2017,Dec,14178.56
43,2018,Jan,2817.21
43,2018,Feb,11603.28
43,2018,Mar,13791.41
43,2018,May,3373.99
43,2018,Jun,27285.15
43,2018,Jul,12814.55
43,2018,Aug,10153.26
43,2018,Sep,10131.74
43,2018,Oct,19993.42
43,2018,Nov,13516.30
43,2018,Dec,36069.36
43,2019,Jan,40672.00
43,2019,Feb,33935.07
43,2019,Mar,6762.62
43,2019,May,38764.80
43,2019,Jun,16705.01
43,2019,Jul,21599.79
43,2019,Aug,47459.52
43,2019,Sep,32704.53
43,2019,Oct,27369.48
43,2019,Nov,22126.86
43,2019,Dec,44286.97
43,2020,Jan,70716.10
43,2020,Feb,39277.59
43,2020,Mar,13150.43
43,2020,Apr,2594.35
43,2020,May,8548.04
43,2020,Jun,14163.48
43,2020,Jul,15209.80
43,2020,Aug,10333.08
43,2020,Sep,1206.11
43,2020,Oct,6272.90
43,2020,Nov,9136.64
43,2020,Dec,8053.03
43,2021,Jan,8171.16
43,2021,Feb,8529.97
44,2016,Jan,9121.59
44,2016,Feb,14434.33
44,2016,Apr,4631.95
44,2016,May,2163.98
44,2016,Jun,5251.03
44,2016,Jul,4295.96
44,2016,Aug,8224.41
44,2016,Sep,6972.74
44,2016,Oct,1058.96
44,2016,Nov,25291.24
44,2016,Dec,6142.14
44,2017,Jan,30326.84
44,2017,Feb,2080.60
44,2017,Mar,3420.00
44,2017,May,14080.36
44,2017,Jun,8946.98
44,2017,Jul,6399.95
44,2017,Aug,5303.84
44,2017,Sep,9551.59
44,2017,Oct,10935.70
44,2017,Nov,25076.32
44,2017,Dec,15779.88
44,2018,Jan,19285.93
44,2018,Feb,8909.34
44,2018,Mar,1190.46
44,2018,Apr,5107.95
44,2018,May,24935.29
44,2018,Jun,17155.68
44,2018,Jul,17961.42
44,2018,Aug,13365.26
44,2018,Sep,42094.51
44,2018,Oct,28470.41
44,2018,Nov,35861.83
44,2018,Dec,42554.77
44,2019,Jan,37404.59
44,2019,Feb,42255.20
44,2019,Mar,11026.08
44,2019,Apr,1704.00
44,2019,May,20688.92
44,2019,Jun,22037.18
44,2019,Jul,9578.16
44,2019,Aug,24866.33
44,2019,Sep,36519.71
44,2019,Oct,17732.38
44,2019,Nov,35668.24
44,2019,Dec,42675.13
44,2020,Jan,18406.62
44,2020,Feb,45653.94
44,2020,Mar,10286.73
44,2020,May,17884.15
44,2020,Jun,4714.26
44,2020,Jul,2361.29
44,2020,Aug,7465.60
44,2020,Sep,10189.81
44,2020,Oct,8152.35
44,2020,Nov,7865.94
44,2020,Dec,11170.00
44,2021,Jan,5748.12
44,2021,Feb,12424.68
45,2016,Jan,8891.60
45,2016,Feb,998.96
45,2016,Mar,11575.29
45,2016,Apr,6382.93
45,2016,May,2662.35
45,2016,Jun,6495.03
45,2016,Jul,5386.73
45,2016,Aug,6490.60
45,2016,Sep,6640.92
45,2016,Oct,24832.93
45,2016,Nov,8107.74
45,2016,Dec,15959.20
45,2017,Jan,8787.46
45,2017,Feb,7229.98
45,2017,Mar,2612.83
45,2017,Apr,652.00
45,2017,May,15331.69
45,2017,Jun,23424.00
45,2017,Jul,9692.53
45,2017,Aug,21828.73
45,2017,Sep,6678.20
45,2017,Oct,10766.85
45,2017,Nov,5089.11
45,2017,Dec,17268.01
45,2018,Jan,15876.14
45,2018,Feb,29685.14
45,2018,Mar,4831.54
45,2018,May,32030.41
45,2018,Jun,22116.88
45,2018,Jul,18255.15
45,2018,Aug,20910.39
45,2018,Sep,18208.88
45,2018,Oct,25651.40
45,2018,Nov,30399.85
45,2018,Dec,34935.81
45,2019,Jan,34723.35
45,2019,Feb,28227.01
45,2019,Mar,12861.13
45,2019,Apr,3147.58
45,2019,May,42732.34
45,2019,Jun,36612.90
45,2019,Jul,47212.32
45,2019,Aug,31312.51
45,2019,Sep,36361.83
45,2019,Oct,27410.31
45,2019,Nov,20993.26
45,2019,Dec,43773.33
45,2020,Jan,39052.62
45,2020,Feb,38602.23
45,2020,Mar,10753.74
45,2020,Apr,1140.24
45,2020,May,27585.62
45,2020,Jun,24597.01
45,2020,Jul,18100.80
45,2020,Aug,9316.60
45,2020,Sep,4663.85
45,2020,Oct,7690.96
45,2020,Nov,6184.46
45,2020,Dec,11283.09
45,2021,Jan,4761.84
45,2021,Feb,24575.88
47,2016,Jan,5353.00
47,2016,Feb,9705.85
47,2016,Mar,432.10
47,2016,May,13369.93
47,2016,Jun,5308.53
47,2016,Jul,7397.27
47,2016,Aug,6718.79
47,2016,Sep,4663.66
47,2016,Oct,15232.43
47,2016,Nov,23741.97
47,2016,Dec,27115.97
47,2017,Jan,5344.66
47,2017,Feb,8154.02
47,2017,Mar,1619.57
47,2017,Apr,1673.97
47,2017,May,11950.95
47,2017,Jun,4116.91
47,2017,Jul,8694.70
47,2017,Aug,7017.18
47,2017,Sep,10123.00
47,2017,Oct,24340.95
47,2017,Nov,8746.31
47,2017,Dec,7183.64
47,2018,Jan,12333.87
47,2018,Feb,9270.47
47,2018,Mar,3399.71
47,2018,Apr,363.00
47,2018,May,31656.61
47,2018,Jun,6236.71
47,2018,Jul,23848.96
47,2018,Aug,23262.50
47,2018,Sep,13239.82
47,2018,Oct,24980.77
47,2018,Nov,10985.34
47,2018,Dec,35810.90
47,2019,Jan,25515.00
47,2019,Feb,30241.51
47,2019,Mar,937.98
47,2019,Apr,2262.89
47,2019,May,36451.88
47,2019,Jun,10420.20
47,2019,Jul,14854.17
47,2019,Aug,20381.64
47,2019,Sep,38956.55
47,2019,Oct,35168.22
47,2019,Nov,31215.08
47,2019,Dec,50699.01
47,2020,Jan,25327.89
47,2020,Feb,59444.71
47,2020,Mar,14729.71
47,2020,Apr,12905.27
47,2020,May,13595.87
47,2020,Jun,17003.07
47,2020,Jul,11811.90
47,2020,Aug,992.96
47,2020,Sep,1317.49
47,2020,Nov,6244.11
47,2020,Dec,17824.56
47,2021,Jan,6455.60
47,2021,Feb,10105.44
48,2016,Jan,16901.68
48,2016,Feb,5253.77
48,2016,Mar,8165.52
48,2016,Apr,555.95
48,2016,May,14770.56
48,2016,Jun,5177.92
48,2016,Jul,13668.53
48,2016,Aug,6251.99
48,2016,Sep,5818.80
48,2016,Oct,11164.89
48,2016,Nov,3967.28
48,2016,Dec,6753.43
48,2017,Jan,8483.38
48,2017,Feb,11290.78
48,2017,Mar,4881.23
48,2017,Apr,826.00
48,2017,May,4450.75
48,2017,Jun,15699.51
48,2017,Jul,2051.44
48,2017,Aug,11812.40
48,2017,Sep,16679.62
48,2017,Oct,12017.12
48,2017,Nov,12281.88
48,2017,Dec,29778.48
48,2018,Jan,1064.88
48,2018,Feb,14517.00
48,2018,Mar,12524.88
48,2018,May,11841.17
48,2018,Jun,10457.72
48,2018,Jul,23138.79
48,2018,Aug,10453.18
48,2018,Sep,18895.93
48,2018,Oct,15875.12
48,2018,Nov,15488.89
48,2018,Dec,34784.50
48,2019,Jan,25273.60
48,2019,Feb,24921.91
48,2019,Mar,15907.27
48,2019,Apr,1849.97
48,2019,May,10875.32
48,2019,Jun,14595.07
48,2019,Jul,12088.11
48,2019,Aug,33172.44
48,2019,Sep,31130.26
48,2019,Oct,37801.23
48,2019,Nov,40306.59
48,2019,Dec,33553.90
48,2020,Jan,41256.76
48,2020,Feb,28178.76
48,2020,Mar,16903.41
48,2020,May,23680.89
48,2020,Jun,28534.35
48,2020,Jul,7145.54
48,2020,Aug,3635.18
48,2020,Sep,1369.13
48,2020,Oct,564.51
48,2020,Nov,2844.78
48,2020,Dec,3458.48
48,2021,Jan,8330.55
48,2021,Feb,2180.00
49,2018,Jun,15674.64
49,2018,Jul,39142.55
49,2018,Aug,27334.39
49,2018,Sep,13628.23
49,2018,Oct,25297.28
49,2018,Nov,29996.49
49,2018,Dec,45289.94
49,2019,Jan,35736.98
49,2019,Feb,28823.32
49,2019,Mar,23072.67
49,2019,May,21851.77
49,2019,Jun,39104.13
49,2019,Jul,28940.86
49,2019,Aug,36574.22
49,2019,Sep,36915.42
49,2019,Oct,31181.58
49,2019,Nov,22036.98
49,2019,Dec,64470.37
49,2020,Jan,40568.47
49,2020,Feb,25521.85
49,2020,Mar,13049.79
49,2020,Apr,3499.50
49,2020,May,15724.03
49,2020,Jun,7558.02
49,2020,Jul,13397.67
49,2020,Aug,11931.80
49,2020,Sep,5765.91
49,2020,Oct,7265.74
49,2020,Nov,4464.70
49,2020,Dec,14741.72
49,2021,Jan,18632.52
49,2021,Feb,14295.16
50,2016,Jan,19500.10
50,2016,Feb,15363.46
50,2016,Mar,1675.75
50,2016,May,20819.56
50,2016,Jun,3035.84
50,2016,Jul,118.84
50,2016,Aug,8699.46
50,2016,Sep,6280.38
50,2016,Oct,15338.17
50,2016,Nov,15227.19
50,2016,Dec,9727.10
50,2017,Jan,20578.58
50,2017,Feb,11975.09
50,2017,Mar,6940.56
50,2017,Apr,1574.84
50,2017,May,37399.29
50,2017,Jun,14003.75
50,2017,Jul,15706.09
50,2017,Aug,4711.51
50,2017,Sep,15085.86
50,2017,Oct,3751.36
50,2017,Nov,14878.43
50,2017,Dec,19302.79
50,2018,Jan,13411.44
50,2018,Feb,29831.15
50,2018,Mar,2395.82
50,2018,Apr,32.99
50,2018,May,35148.23
50,2018,Jun,15671.92
50,2018,Jul,19889.50
50,2018,Aug,21774.73
50,2018,Sep,45087.11
50,2018,Oct,32679.12
50,2018,Nov,16639.66
50,2018,Dec,45599.98
50,2019,Jan,20236.19
50,2019,Feb,13026.95
50,2019,Mar,32427.59
50,2019,Apr,441.00
50,2019,May,29404.82
50,2019,Jun,11608.79
50,2019,Jul,26094.09
50,2019,Aug,25234.12
50,2019,Sep,39043.40
50,2019,Oct,19173.53
50,2019,Nov,28703.85
50,2019,Dec,33529.62
50,2020,Jan,49872.69
50,2020,Feb,40767.92
50,2020,Mar,9111.37
50,2020,Apr,6.00
50,2020,May,18170.42
50,2020,Jun,10284.96
50,2020,Jul,19267.78
50,2020,Aug,17418.96
50,2020,Sep,16970.08
50,2020,Oct,6114.25
50,2020,Nov,6888.92
50,2020,Dec,7605.60
50,2021,Jan,10133.52
50,2021,Feb,6933.36
51,2016,Jan,8561.64
51,2016,Feb,15218.80
51,2016,Mar,5344.92
51,2016,May,7289.05
51,2016,Jun,6900.92
51,2016,Jul,9760.58
51,2016,Aug,13572.59
51,2016,Sep,8475.26
51,2016,Oct,1579.06
51,2016,Nov,2512.00
51,2016,Dec,25827.53
51,2017,Jan,6440.88
51,2017,Feb,11294.22
51,2017,Mar,7626.98
51,2017,May,12290.88
51,2017,Jun,7893.58
51,2017,Jul,12891.54
51,2017,Aug,4295.23
51,2017,Sep,23587.50
51,2017,Oct,15127.00
51,2017,Nov,20568.18
51,2017,Dec,16530.65
51,2018,Jan,7134.45
51,2018,Feb,23397.85
51,2018,Mar,11283.24
51,2018,Apr,3527.58
51,2018,May,3842.79
51,2018,Jun,12925.63
51,2018,Jul,25982.24
51,2018,Aug,16651.13
51,2018,Sep,19636.34
51,2018,Oct,20976.93
51,2018,Nov,32390.53
51,2018,Dec,32844.08
51,2019,Jan,46098.43
51,2019,Feb,18014.13
51,2019,Mar,6392.33
51,2019,Apr,6173.92
51,2019,May,41686.75
51,2019,Jun,18178.12
51,2019,Jul,19340.43
51,2019,Aug,12449.32
51,2019,Sep,14492.66
51,2019,Oct,16622.28
51,2019,Nov,18556.57
51,2019,Dec,55534.89
51,2020,Jan,40597.84
51,2020,Feb,50979.60
51,2020,Mar,8239.11
51,2020,Apr,1199.70
51,2020,May,27044.15
51,2020,Jun,10633.78
51,2020,Jul,16157.82
51,2020,Aug,7953.91
51,2020,Sep,16902.13
51,2020,Oct,2374.82
51,2020,Dec,17767.41
51,2021,Jan,2824.12
51,2021,Feb,6773.36
53,2016,Jan,5774.30
53,2016,Feb,14941.33
53,2016,Mar,4781.12
53,2016,May,1052.15
53,2016,Jun,14513.30
53,2016,Jul,7192.59
53,2016,Aug,13272.51
53,2016,Sep,9262.62
53,2016,Oct,1323.24
53,2016,Nov,6394.43
53,2016,Dec,12187.05
53,2017,Jan,2772.28
53,2017,Feb,14125.24
53,2017,Mar,4768.45
53,2017,Apr,6079.87
53,2017,May,1933.00
53,2017,Jun,5915.74
53,2017,Jul,1102.48
53,2017,Aug,6147.20
53,2017,Sep,19130.11
53,2017,Oct,7890.71
53,2017,Nov,19573.22
53,2017,Dec,27474.65
53,2018,Jan,17195.86
53,2018,Feb,24890.49
53,2018,Mar,3413.74
53,2018,Apr,10101.73
53,2018,May,18705.13
53,2018,Jun,17657.72
53,2018,Jul,13493.55
53,2018,Aug,8586.67
53,2018,Sep,15698.90
53,2018,Oct,30547.65
53,2018,Nov,42217.95
53,2018,Dec,47257.51
53,2019,Jan,31814.26
53,2019,Feb,18234.97
53,2019,Mar,8645.47
53,2019,Apr,102.00
53,2019,May,10122.34
53,2019,Jun,14228.44
53,2019,Jul,9841.20
53,2019,Aug,21986.96
53,2019,Sep,28810.82
53,2019,Oct,26670.79
53,2019,Nov,22169.19
53,2019,Dec,27087.46
53,2020,Jan,36752.17
53,2020,Feb,32985.99
53,2020,Mar,10361.14
53,2020,Apr,3731.07
53,2020,May,17437.14
53,2020,Jun,13281.33
53,2020,Jul,5960.82
53,2020,Aug,14471.67
53,2020,Sep,479.97
53,2020,Oct,7866.37
53,2020,Nov,7219.34
53,2020,Dec,25826.15
53,2021,Jan,6762.07
53,2021,Feb,9485.64
54,2016,Jan,7871.10
54,2016,Feb,4105.79
54,2016,Mar,966.99
54,2016,May,4106.85
54,2016,Jun,7014.38
54,2016,Jul,11299.42
54,2016,Aug,20366.53
54,2016,Sep,20993.81
54,2016,Oct,13346.37
54,2016,Nov,12211.22
54,2016,Dec,19408.64
54,2017,Jan,26204.19
54,2017,Feb,16696.74
54,2017,Mar,18189.80
54,2017,Apr,217.00
54,2017,May,15503.38
54,2017,Jun,20562.38
54,2017,Jul,11824.96
54,2017,Aug,16462.20
54,2017,Sep,8853.73
54,2017,Oct,16227.34
54,2017,Nov,1389.71
54,2017,Dec,22088.56
54,2018,Jan,19911.37
54,2018,Feb,20833.68
54,2018,Mar,2080.61
54,2018,Apr,4124.71
54,2018,May,14240.33
54,2018,Jun,20668.15
54,2018,Jul,18564.56
54,2018,Aug,14129.20
54,2018,Sep,28308.71
54,2018,Oct,17620.71
54,2018,Nov,25336.13
54,2018,Dec,40832.36
54,2019,Jan,26994.29
54,2019,Feb,83752.91
54,2019,Mar,15105.16
54,2019,Apr,4511.80
54,2019,May,39221.97
54,2019,Jun,24215.90
54,2019,Jul,16983.05
54,2019,Aug,21426.53
54,2019,Sep,37937.25
54,2019,Oct,30469.08
54,2019,Nov,16778.91
54,2019,Dec,51709.32
54,2020,Jan,25660.54
54,2020,Feb,33695.27
54,2020,Mar,14666.33
54,2020,Apr,2099.00
54,2020,May,13696.01
54,2020,Jun,22651.46
54,2020,Jul,6953.12
54,2020,Aug,4756.96
54,2020,Sep,6400.42
54,2020,Oct,2521.37
54,2020,Nov,3857.08
54,2020,Dec,30297.88
54,2021,Jan,8311.61
54,2021,Feb,7482.99
55,2016,Jan,6555.80
55,2016,Feb,14680.71
55,2016,Mar,2275.79
55,2016,May,14776.71
55,2016,Jun,11138.76
55,2016,Jul,2268.79
55,2016,Aug,4610.20
55,2016,Sep,7473.88
55,2016,Oct,15965.21
55,2016,Nov,9619.73
55,2016,Dec,9270.68
55,2017,Jan,11432.29
55,2017,Feb,13393.25
55,2017,Mar,1098.00
55,2017,Apr,448.00
55,2017,May,17339.59
55,2017,Jun,12088.73
55,2017,Jul,9118.77
55,2017,Aug,1745.83
55,2017,Sep,24848.47
55,2017,Oct,15280.88
55,2017,Nov,3310.67
55,2017,Dec,20100.34
55,2018,Jan,12033.09
55,2018,Feb,11710.66
55,2018,Mar,18161.37
55,2018,Apr,173.64
55,2018,May,9899.30
55,2018,Jun,20370.74
55,2018,Jul,7359.37
55,2018,Aug,36531.00
55,2018,Sep,15590.35
55,2018,Oct,23513.36
55,2018,Nov,15919.30
55,2018,Dec,23408.73
55,2019,Jan,35537.87
55,2019,Feb,71120.21
55,2019,Mar,20972.40
55,2019,Apr,1587.00
55,2019,May,35565.34
55,2019,Jun,25988.60
55,2019,Jul,45450.56
55,2019,Aug,50503.58
55,2019,Sep,21475.75
55,2019,Oct,15543.92
55,2019,Nov,27608.89
55,2019,Dec,39638.24
55,2020,Jan,45277.83
55,2020,Feb,54317.85
55,2020,Mar,3638.89
55,2020,May,49741.86
55,2020,Jun,15621.80
55,2020,Jul,2233.64
55,2020,Aug,6923.92
55,2020,Sep,5028.54
55,2020,Oct,1805.78
55,2020,Nov,11684.75
55,2020,Dec,7924.59
55,2021,Jan,12712.44
55,2021,Feb,25388.22
56,2016,Jan,7514.75
56,2016,Feb,9224.61
56,2016,May,16860.63
56,2016,Jun,1414.06
56,2016,Jul,11558.93
56,2016,Aug,5473.89
56,2016,Sep,6185.56
56,2016,Oct,11416.16
56,2016,Nov,6527.61
56,2016,Dec,10142.43
56,2017,Jan,5308.94
56,2017,Feb,11686.30
56,2017,Mar,6062.36
56,2017,May,297.44
56,2017,Jun,6555.29
56,2017,Jul,7623.92
56,2017,Aug,16599.21
56,2017,Sep,21359.10
56,2017,Oct,15983.21
56,2017,Nov,15209.81
56,2017,Dec,21630.13
56,2018,Jan,37562.76
56,2018,Feb,35884.62
56,2018,Mar,9407.79
56,2018,May,18003.84
56,2018,Jun,9682.80
56,2018,Jul,20595.56
56,2018,Aug,24525.79
56,2018,Sep,12054.79
56,2018,Oct,11454.90
56,2018,Nov,30577.48
56,2018,Dec,13045.30
56,2019,Jan,32921.22
56,2019,Feb,36696.90
56,2019,Mar,7375.01
56,2019,Apr,610.00
56,2019,May,20038.66
56,2019,Jun,26575.08
56,2019,Jul,24405.71
56,2019,Aug,22249.07
56,2019,Sep,22359.44
56,2019,Oct,29715.83
56,2019,Nov,34811.62
56,2019,Dec,45432.86
56,2020,Jan,43971.00
56,2020,Feb,44664.93
56,2020,Mar,10807.35
56,2020,Apr,918.97
56,2020,May,5625.34
56,2020,Jun,14312.97
56,2020,Jul,6028.87
56,2020,Aug,10063.61
56,2020,Sep,7518.46
56,2020,Oct,1710.81
56,2020,Nov,3053.54
56,2020,Dec,11285.68
56,2021,Jan,2183.93
56,2021,Feb,13727.85
57,2016,Jan,15203.43
57,2016,Feb,8181.45
57,2016,Mar,4861.24
57,2016,May,12420.03
57,2016,Jun,7406.85
57,2016,Jul,5751.20
57,2016,Aug,3235.77
57,2016,Sep,4961.77
57,2016,Oct,12450.70
57,2016,Nov,13321.72
57,2016,Dec,8301.46
57,2017,Jan,9764.54
57,2017,Feb,11746.56
57,2017,Mar,612.00
57,2017,Apr,1585.93
57,2017,May,16383.58
57,2017,Jun,9784.60
57,2017,Jul,2342.92
57,2017,Aug,10445.84
57,2017,Sep,17552.23
57,2017,Oct,19156.47
57,2017,Nov,7643.47
57,2017,Dec,24933.04
57,2018,Jan,16301.82
57,2018,Feb,28433.34
57,2018,Mar,1833.21
57,2018,May,31559.04
57,2018,Jun,6436.98
57,2018,Jul,13990.48
57,2018,Aug,31001.00
57,2018,Sep,18369.55
57,2018,Oct,28392.17
57,2018,Nov,16533.58
57,2018,Dec,23556.43
57,2019,Jan,50219.32
57,2019,Feb,30987.48
57,2019,Mar,10225.39
57,2019,Apr,988.63
57,2019,May,37544.80
57,2019,Jun,30042.74
57,2019,Jul,28886.67
57,2019,Aug,32712.10
57,2019,Sep,20238.56
57,2019,Oct,40722.80
57,2019,Nov,36114.87
57,2019,Dec,53492.39
57,2020,Jan,31063.53
57,2020,Feb,42785.82
57,2020,Mar,4493.89
57,2020,Apr,6030.96
57,2020,May,11017.75
57,2020,Jun,14785.02
57,2020,Jul,12146.65
57,2020,Aug,219.90
57,2020,Sep,8489.96
57,2020,Oct,1548.91
57,2020,Nov,3390.20
57,2020,Dec,6201.54
57,2021,Jan,6106.96
57,2021,Feb,1914.00
59,2016,Jan,5651.49
59,2016,Feb,8053.00
59,2016,Mar,6252.76
59,2016,May,7915.77
59,2016,Jun,7819.15
59,2016,Jul,10471.68
59,2016,Aug,13320.88
59,2016,Sep,13915.17
59,2016,Oct,8592.13
59,2016,Nov,18253.85
59,2016,Dec,8775.64
59,2017,Jan,17441.22
59,2017,Feb,11305.09
59,2017,Mar,6425.99
59,2017,Apr,1528.75
59,2017,May,6499.99
59,2017,Jun,12316.13
59,2017,Jul,16720.59
59,2017,Aug,5535.37
59,2017,Sep,4180.64
59,2017,Oct,2011.91
59,2017,Nov,13838.03
59,2017,Dec,26905.03
59,2018,Jan,6247.47
59,2018,Feb,24939.07
59,2018,Mar,3094.61
59,2018,May,8090.41
59,2018,Jun,23086.29
59,2018,Jul,18997.95
59,2018,Aug,6208.07
59,2018,Sep,21492.17
59,2018,Oct,37781.60
59,2018,Nov,30879.20
59,2018,Dec,40774.95
59,2019,Jan,41511.71
59,2019,Feb,17389.33
59,2019,Mar,7548.88
59,2019,Apr,3837.34
59,2019,May,29295.84
59,2019,Jun,38266.42
59,2019,Jul,22138.64
59,2019,Aug,32330.32
59,2019,Sep,16159.59
59,2019,Oct,44918.03
59,2019,Nov,26292.55
59,2019,Dec,50531.45
59,2020,Jan,47896.93
59,2020,Feb,42613.24
59,2020,Mar,2944.92
59,2020,May,9410.46
59,2020,Jun,9657.23
59,2020,Jul,13051.64
59,2020,Aug,6745.95
59,2020,Sep,10613.66
59,2020,Oct,10040.08
59,2020,Nov,8029.81
59,2020,Dec,7176.88
59,2021,Jan,17237.42
59,2021,Feb,5839.44
61,2016,Jan,26454.02
61,2016,Feb,13446.29
61,2016,Mar,9432.70
61,2016,Apr,1712.96
61,2016,May,15992.19
61,2016,Jun,11161.58
61,2016,Jul,2246.54
61,2016,Aug,2290.97
61,2016,Sep,3280.39
61,2016,Oct,1270.41
61,2016,Nov,13447.33
61,2016,Dec,25492.02
61,2017,Jan,14295.64
61,2017,Feb,20079.73
61,2017,Mar,5200.49
61,2017,May,8047.78
61,2017,Jun,5034.97
61,2017,Jul,6452.26
61,2017,Aug,477.90
61,2017,Sep,10158.65
61,2017,Oct,6279.06
61,2017,Nov,10984.52
61,2017,Dec,34410.47
61,2018,Jan,10012.58
61,2018,Feb,14982.13
61,2018,Mar,7240.32
61,2018,May,33251.62
61,2018,Jun,11011.35
61,2018,Jul,21728.94
61,2018,Aug,10228.60
61,2018,Sep,17487.66
61,2018,Oct,15730.69
61,2018,Nov,20860.12
61,2018,Dec,34967.83
61,2019,Jan,43776.62
61,2019,Feb,26991.08
61,2019,Mar,17284.85
61,2019,Apr,6188.00
61,2019,May,29873.68
61,2019,Jun,14967.20
61,2019,Jul,28440.74
61,2019,Aug,25862.82
61,2019,Sep,25860.24
61,2019,Oct,41465.44
61,2019,Nov,25802.46
61,2019,Dec,71676.25
61,2020,Jan,57545.13
61,2020,Feb,49514.64
61,2020,Mar,10841.12
61,2020,Apr,4904.15
61,2020,May,11724.03
61,2020,Jun,6386.82
61,2020,Jul,5542.34
61,2020,Aug,1800.28
61,2020,Sep,6383.87
61,2020,Oct,11124.58
61,2020,Nov,2858.00
61,2020,Dec,4006.58
61,2021,Jan,10721.20
61,2021,Feb,10217.53
62,2018,Jun,14092.95
62,2018,Jul,13879.39
62,2018,Aug,11389.47
62,2018,Sep,4276.38
62,2018,Oct,11532.99
62,2018,Nov,14492.81
62,2018,Dec,30903.93
62,2019,Jan,24916.69
62,2019,Feb,20644.98
62,2019,Mar,11712.87
62,2019,Apr,5653.00
62,2019,May,29464.88
62,2019,Jun,19470.56
62,2019,Jul,20694.98
62,2019,Aug,20392.66
62,2019,Sep,24059.16
62,2019,Oct,28005.39
62,2019,Nov,25974.94
62,2019,Dec,30573.74
62,2020,Jan,35710.35
62,2020,Feb,24291.49
62,2020,Mar,5427.18
62,2020,May,8061.05
62,2020,Jun,6834.93
62,2020,Jul,7535.50
62,2020,Aug,4471.05
62,2020,Sep,7008.55
62,2020,Oct,2669.95
62,2020,Nov,8963.49
62,2020,Dec,6489.10
62,2021,Jan,11498.58
62,2021,Feb,18281.47
63,2016,Jan,4828.43
63,2016,Feb,16893.64
63,2016,Mar,6518.90
63,2016,Apr,161.78
63,2016,May,6967.47
63,2016,Jun,7676.46
63,2016,Jul,12537.23
63,2016,Aug,1955.94
63,2016,Sep,17484.78
63,2016,Oct,18619.73
63,2016,Nov,5945.91
63,2016,Dec,18844.70
63,2017,Jan,12449.80
63,2017,Feb,6078.83
63,2017,Mar,4266.89
63,2017,Apr,1409.91
63,2017,May,9502.91
63,2017,Jun,268.95
63,2017,Jul,13443.94
63,2017,Aug,11193.64
63,2017,Sep,13676.23
63,2017,Oct,22573.67
63,2017,Nov,11643.12
63,2017,Dec,13081.33
63,2018,Jan,12277.23
63,2018,Feb,13187.71
63,2018,Mar,17277.55
63,2018,May,22657.70
63,2018,Jun,7291.72
63,2018,Jul,20043.59
63,2018,Aug,21171.55
63,2018,Sep,29773.14
63,2018,Oct,9809.28
63,2018,Nov,7810.74
63,2018,Dec,29878.67
63,2019,Jan,28274.97
63,2019,Feb,29270.10
63,2019,Mar,4147.46
63,2019,Apr,1741.81
63,2019,May,21293.47
63,2019,Jun,31189.97
63,2019,Jul,6764.31
63,2019,Aug,26560.36
63,2019,Sep,20930.61
63,2019,Oct,25724.66
63,2019,Nov,2074.92
64,2016,Jan,6226.19
64,2016,Feb,30976.50
64,2016,Mar,10311.43
64,2016,May,4497.20
64,2016,Jun,11824.96
64,2016,Jul,3046.04
64,2016,Aug,21054.29
64,2016,Sep,4869.18
64,2016,Oct,3957.00
64,2016,Nov,3755.48
64,2016,Dec,16008.24
64,2017,Jan,8523.49
64,2017,Feb,7205.85
64,2017,Mar,26232.36
64,2017,Apr,1692.89
64,2017,May,6146.10
64,2017,Jun,4145.67
64,2017,Jul,4413.12
64,2017,Aug,20542.52
64,2017,Sep,13640.55
64,2017,Oct,7912.57
64,2017,Nov,16639.09
64,2017,Dec,34989.00
64,2018,Jan,21997.02
64,2018,Feb,31381.28
64,2018,Mar,1026.78
64,2018,Apr,2826.92
64,2018,May,20511.37
64,2018,Jun,15222.83
64,2018,Jul,17031.36
64,2018,Aug,19726.89
64,2018,Sep,11677.24
64,2018,Oct,22302.29
64,2018,Nov,10752.43
64,2018,Dec,21633.02
64,2019,Jan,38126.45
64,2019,Feb,30531.43
64,2019,Mar,3320.59
64,2019,Apr,724.78
64,2019,May,19217.70
64,2019,Jun,24495.87
64,2019,Jul,27592.26
64,2019,Aug,11687.10
64,2019,Sep,47581.50
64,2019,Oct,43258.17
64,2019,Nov,38886.45
64,2019,Dec,19910.97
64,2020,Jan,27339.14
64,2020,Feb,26716.94
64,2020,Mar,10514.66
64,2020,Apr,17081.91
64,2020,May,14846.06
64,2020,Jun,3938.65
64,2020,Jul,11429.20
64,2020,Aug,14085.26
64,2020,Sep,17329.97
64,2020,Oct,4309.99
64,2020,Nov,1904.92
64,2020,Dec,12245.07
64,2021,Jan,16489.59
64,2021,Feb,2054.78
65,2016,Jan,7001.26
65,2016,Feb,16169.59
65,2016,Mar,2023.00
65,2016,Apr,9471.66
65,2016,May,6015.59
65,2016,Jun,12218.46
65,2016,Jul,5804.10
65,2016,Aug,6700.87
65,2016,Sep,23650.55
65,2016,Oct,6801.26
65,2016,Nov,18298.55
65,2016,Dec,7914.49
65,2017,Jan,7549.47
65,2017,Feb,7758.18
65,2017,Mar,16330.64
65,2017,Apr,894.95
65,2017,May,16703.51
65,2017,Jun,9327.29
65,2017,Jul,3128.92
65,2017,Aug,8140.81
65,2017,Sep,10917.20
65,2017,Oct,28243.77
65,2017,Nov,13794.35
65,2017,Dec,7556.94
65,2018,Jan,17449.02
65,2018,Feb,22103.31
65,2018,Mar,10103.32
65,2018,May,14526.68
65,2018,Jun,18733.45
65,2018,Jul,16574.43
65,2018,Aug,16397.28
65,2018,Sep,21636.51
65,2018,Oct,32101.88
65,2018,Nov,20672.07
65,2018,Dec,19527.64
65,2019,Jan,45061.25
65,2019,Feb,55023.61
65,2019,Mar,8414.08
65,2019,Apr,9468.60
65,2019,May,20739.83
65,2019,Jun,26071.32
65,2019,Jul,25845.03
65,2019,Aug,22108.62
65,2019,Sep,27106.18
65,2019,Oct,39104.46
65,2019,Nov,29985.27
65,2019,Dec,42682.51
65,2020,Jan,47281.57
65,2020,Feb,29831.43
65,2020,Mar,36350.06
65,2020,May,6193.05
65,2020,Jun,15640.34
65,2020,Jul,6916.24
65,2020,Aug,2384.36
65,2020,Sep,4152.71
65,2020,Oct,9129.26
65,2020,Nov,8660.44
65,2020,Dec,13728.53
65,2021,Jan,12303.28
65,2021,Feb,12829.77
66,2016,Jan,11700.40
66,2016,Feb,11379.09
66,2016,Mar,1459.45
66,2016,Apr,562.98
66,2016,May,12632.85
66,2016,Jun,6672.67
66,2016,Jul,6116.38
66,2016,Aug,3715.98
66,2016,Sep,17651.88
66,2016,Oct,11304.28
66,2016,Nov,12408.21
66,2016,Dec,8496.63
66,2017,Jan,12132.36
66,2017,Feb,24344.92
66,2017,Mar,1349.96
66,2017,May,10729.09
66,2017,Jun,2563.67
66,2017,Jul,10805.09
66,2017,Aug,7439.54
66,2017,Sep,9256.38
66,2017,Oct,858.60
66,2017,Nov,22728.74
66,2017,Dec,27525.04
66,2018,Jan,11240.39
66,2018,Feb,43110.95
66,2018,Mar,5637.42
66,2018,Apr,109.95
66,2018,May,15189.90
66,2018,Jun,13491.39
66,2018,Jul,19154.35
66,2018,Aug,20829.34
66,2018,Sep,15579.64
66,2018,Oct,18799.14
66,2018,Nov,11562.84
66,2018,Dec,23497.60
66,2019,Jan,30964.72
66,2019,Feb,34781.59
66,2019,Mar,7553.52
66,2019,Apr,2431.78
66,2019,May,33864.04
66,2019,Jun,4215.80
66,2019,Jul,32241.71
66,2019,Aug,36006.31
66,2019,Sep,24884.46
66,2019,Oct,30043.62
66,2019,Nov,31230.40
66,2019,Dec,50995.51
66,2020,Jan,45388.88
66,2020,Feb,29438.79
66,2020,Mar,9020.08
66,2020,Apr,1713.41
66,2020,May,18952.41
66,2020,Jun,23704.36
66,2020,Jul,7038.87
66,2020,Aug,5497.22
66,2020,Sep,7183.74
66,2020,Oct,1394.13
66,2020,Nov,12890.37
66,2020,Dec,4718.02
66,2021,Jan,8107.66
66,2021,Feb,4589.56
